ship_key,ship_mode,ship_date
1,Second Class,2017-11-11
2,Second Class,2017-06-16
3,Standard Class,2016-10-18
4,Standard Class,2015-06-14
5,Standard Class,2018-04-20
6,Standard Class,2017-12-10
7,Standard Class,2016-11-26
8,Standard Class,2015-11-18
9,Second Class,2015-05-15
10,Second Class,2015-09-01
11,Standard Class,2017-12-13
12,Second Class,2018-07-18
13,Standard Class,2016-09-30
14,Second Class,2017-01-20
15,Standard Class,2016-09-21
16,Second Class,2018-10-23
17,First Class,2017-12-10
18,Standard Class,2016-12-31
19,Standard Class,2018-09-15
20,Standard Class,2017-07-22
21,Standard Class,2018-09-23
22,First Class,2017-03-13
23,Second Class,2015-10-25
24,Standard Class,2017-06-25
25,Standard Class,2016-04-22
26,Standard Class,2017-12-17
27,First Class,2017-06-18
28,Standard Class,2016-11-30
29,Standard Class,2016-05-05
30,Standard Class,2015-12-10
31,First Class,2017-06-06
32,Standard Class,2017-09-23
33,Second Class,2018-09-17
34,Standard Class,2016-05-02
35,First Class,2018-12-11
36,Second Class,2015-12-01
37,First Class,2017-06-15
38,Standard Class,2015-10-16
39,Standard Class,2016-09-08
40,First Class,2018-11-16
41,Second Class,2018-05-30
42,Standard Class,2018-11-02
43,Second Class,2017-04-10
44,Standard Class,2017-09-22
45,Second Class,2016-02-05
46,Standard Class,2018-11-12
47,Second Class,2018-11-11
48,First Class,2018-06-20
49,Standard Class,2017-09-11
50,Standard Class,2017-09-02
51,Second Class,2017-12-04
52,Standard Class,2016-11-17
53,Standard Class,2018-11-28
54,Standard Class,2016-10-20
55,Standard Class,2018-12-30
56,Standard Class,2017-11-10
57,Second Class,2015-08-27
58,Standard Class,2016-03-06
59,Standard Class,2016-04-10
60,Second Class,2015-12-28
61,Standard Class,2015-09-25
62,Second Class,2017-11-10
63,First Class,2018-02-05
64,Standard Class,2017-10-19
65,Second Class,2017-09-07
66,Standard Class,2018-12-27
67,Standard Class,2016-09-12
68,Standard Class,2015-10-28
69,Standard Class,2017-12-09
70,First Class,2017-03-16
71,First Class,2016-06-02
72,Standard Class,2016-06-03
73,Second Class,2015-03-06
74,Standard Class,2017-11-24
75,First Class,2017-05-12
76,Second Class,2016-12-31
77,Standard Class,2017-11-20
78,Standard Class,2017-11-11
79,Standard Class,2015-09-12
80,Standard Class,2015-08-09
81,Standard Class,2015-09-19
82,Second Class,2018-04-25
83,Second Class,2016-11-23
84,Standard Class,2016-12-19
85,Second Class,2015-12-09
86,Second Class,2015-11-24
87,Standard Class,2017-12-02
88,Standard Class,2015-08-30
89,First Class,2016-10-14
90,Standard Class,2016-11-06
91,Standard Class,2015-03-25
92,Standard Class,2018-11-13
93,Standard Class,2018-07-13
94,Standard Class,2018-06-29
95,First Class,2015-08-05
96,Second Class,2018-12-21
97,Standard Class,2018-06-07
98,Standard Class,2018-12-14
99,Standard Class,2018-12-07
100,Second Class,2016-02-13
101,Standard Class,2016-01-09
102,Standard Class,2017-11-01
103,First Class,2016-12-27
104,Standard Class,2016-08-16
105,Standard Class,2016-03-04
106,Standard Class,2015-09-17
107,Standard Class,2018-04-12
108,Standard Class,2018-11-16
109,Second Class,2017-06-09
110,Second Class,2015-06-06
111,Second Class,2017-12-15
112,Standard Class,2017-09-17
113,First Class,2017-12-13
114,Standard Class,2016-12-04
115,Second Class,2018-12-03
116,Standard Class,2018-06-12
117,Second Class,2015-09-21
118,Standard Class,2017-06-13
119,Standard Class,2016-11-15
120,Standard Class,2018-06-20
121,Standard Class,2017-01-28
122,Standard Class,2018-12-13
123,Second Class,2019-01-02
124,First Class,2016-07-31
125,First Class,2018-09-17
126,Standard Class,2018-10-17
127,Second Class,2016-09-28
128,Standard Class,2016-10-02
129,Second Class,2017-12-20
130,Second Class,2017-11-24
131,First Class,2015-12-28
132,Standard Class,2017-11-03
133,Standard Class,2018-11-23
134,Second Class,2016-05-09
135,Standard Class,2016-01-04
136,Standard Class,2015-06-06
137,First Class,2018-04-17
138,Second Class,2017-09-14
139,Standard Class,2015-10-03
140,Standard Class,2015-08-16
141,First Class,2015-12-30
142,Standard Class,2015-11-09
143,Standard Class,2015-09-24
144,Standard Class,2017-04-27
145,Second Class,2018-11-05
146,First Class,2017-09-01
147,Second Class,2017-04-29
148,Second Class,2016-09-04
149,Standard Class,2015-07-17
150,Second Class,2016-06-26
151,Second Class,2015-04-17
152,Standard Class,2016-12-24
153,Standard Class,2018-06-19
154,Standard Class,2018-07-12
155,First Class,2017-09-03
156,Standard Class,2017-04-13
157,Standard Class,2017-04-28
158,First Class,2018-03-11
159,Standard Class,2018-10-01
160,Standard Class,2015-09-29
161,Same Day,2017-10-21
162,Standard Class,2018-06-04
163,Standard Class,2015-07-27
164,First Class,2017-10-01
165,Standard Class,2018-09-01
166,First Class,2017-10-29
167,Second Class,2016-06-29
168,Standard Class,2016-12-02
169,Standard Class,2016-12-07
170,First Class,2015-11-26
171,Standard Class,2018-12-15
172,Second Class,2015-09-23
173,Second Class,2015-06-10
174,Standard Class,2018-07-05
175,Second Class,2018-10-19
176,Standard Class,2016-11-04
177,Second Class,2017-09-10
178,First Class,2015-12-26
179,Standard Class,2015-04-20
180,Standard Class,2018-12-29
181,Standard Class,2018-12-12
182,Standard Class,2018-11-07
183,Standard Class,2018-06-28
184,Standard Class,2017-04-18
185,Standard Class,2018-11-10
186,Standard Class,2018-03-09
187,First Class,2015-06-25
188,Standard Class,2018-10-23
189,Second Class,2018-08-23
190,Second Class,2018-11-26
191,First Class,2015-09-13
192,Standard Class,2018-10-08
193,Standard Class,2017-04-21
194,First Class,2017-06-07
195,Standard Class,2015-12-25
196,Second Class,2017-06-14
197,Standard Class,2018-09-19
198,Second Class,2018-01-23
199,Second Class,2018-03-25
200,Second Class,2017-04-03
201,Standard Class,2018-10-24
202,Standard Class,2015-02-18
203,Standard Class,2017-10-01
204,Standard Class,2016-12-22
205,Standard Class,2017-04-29
206,Standard Class,2016-01-24
207,Standard Class,2018-04-04
208,Second Class,2015-11-11
209,Standard Class,2017-07-19
210,Standard Class,2017-11-02
211,Standard Class,2017-07-02
212,Standard Class,2015-10-10
213,First Class,2018-06-13
214,First Class,2015-10-31
215,Second Class,2015-06-13
216,Standard Class,2017-05-14
217,Second Class,2017-03-21
218,Standard Class,2017-07-31
219,Standard Class,2017-06-04
220,Second Class,2018-11-15
221,Standard Class,2016-03-22
222,First Class,2018-11-27
223,First Class,2017-10-23
224,Standard Class,2018-12-25
225,Standard Class,2018-01-27
226,Standard Class,2016-03-26
227,First Class,2018-01-25
228,First Class,2017-05-23
229,Standard Class,2017-01-02
230,Standard Class,2018-10-26
231,Standard Class,2016-09-07
232,Second Class,2016-11-09
233,Standard Class,2018-09-11
234,Second Class,2017-06-01
235,Standard Class,2017-07-16
236,Second Class,2018-09-08
237,Standard Class,2016-12-08
238,Standard Class,2016-12-11
239,First Class,2015-02-03
240,First Class,2017-07-17
241,Standard Class,2016-12-23
242,Standard Class,2015-05-16
243,First Class,2018-11-22
244,Second Class,2016-11-17
245,Second Class,2017-04-17
246,First Class,2018-09-12
247,Second Class,2018-07-03
248,Second Class,2015-03-07
249,Standard Class,2017-06-15
250,Second Class,2018-11-22
251,Second Class,2015-09-18
252,First Class,2016-12-09
253,First Class,2018-12-10
254,Standard Class,2019-01-04
255,Standard Class,2017-11-07
256,Second Class,2016-09-22
257,Standard Class,2018-07-26
258,Standard Class,2016-09-14
259,Standard Class,2018-12-05
260,Standard Class,2016-07-09
261,Standard Class,2017-03-24
262,Standard Class,2015-01-13
263,Standard Class,2015-08-15
264,First Class,2017-07-16
265,Standard Class,2017-07-21
266,Standard Class,2015-03-19
267,Standard Class,2015-05-27
268,First Class,2017-05-01
269,Second Class,2017-09-13
270,Second Class,2018-11-17
271,Standard Class,2015-12-31
272,Standard Class,2016-12-03
273,Standard Class,2018-05-23
274,Standard Class,2018-12-21
275,Second Class,2017-12-13
276,Second Class,2018-09-26
277,Second Class,2016-10-09
278,Standard Class,2017-08-21
279,Standard Class,2017-05-25
280,Standard Class,2017-12-22
281,Second Class,2018-08-03
282,Standard Class,2018-06-15
283,Standard Class,2018-07-25
284,Standard Class,2019-01-05
285,Standard Class,2017-04-08
286,Second Class,2017-12-16
287,Standard Class,2017-10-29
288,Standard Class,2018-06-23
289,Standard Class,2017-08-28
290,Same Day,2017-09-19
291,Standard Class,2016-08-28
292,Standard Class,2017-03-30
293,Same Day,2017-11-04
294,Second Class,2018-06-10
295,Standard Class,2018-06-13
296,Standard Class,2018-06-22
297,First Class,2018-12-08
298,Standard Class,2018-03-23
299,Same Day,2018-11-04
300,First Class,2015-07-08
301,Second Class,2015-06-23
302,Standard Class,2016-04-02
303,First Class,2016-05-17
304,Standard Class,2018-09-08
305,Second Class,2017-11-08
306,Standard Class,2016-04-14
307,First Class,2015-12-04
308,First Class,2015-04-07
309,Standard Class,2018-09-07
310,Standard Class,2018-05-24
311,Second Class,2015-07-06
312,First Class,2015-01-14
313,Standard Class,2018-09-29
314,Standard Class,2015-06-07
315,Standard Class,2017-02-18
316,Standard Class,2017-12-19
317,Standard Class,2015-10-13
318,Standard Class,2017-07-12
319,Standard Class,2018-09-20
320,First Class,2017-12-06
321,Standard Class,2018-01-25
322,Standard Class,2015-01-08
323,Standard Class,2017-09-01
324,Same Day,2015-05-27
325,Second Class,2017-03-22
326,Standard Class,2018-10-06
327,First Class,2017-04-09
328,Standard Class,2016-12-12
329,Standard Class,2016-01-02
330,Standard Class,2018-07-28
331,Standard Class,2018-09-22
332,Standard Class,2016-09-05
333,Standard Class,2016-02-13
334,Second Class,2015-01-15
335,Standard Class,2015-05-20
336,Standard Class,2017-05-24
337,Standard Class,2018-02-05
338,Standard Class,2015-07-06
339,First Class,2016-08-23
340,Second Class,2016-10-06
341,Standard Class,2016-05-28
342,Second Class,2018-03-21
343,Standard Class,2016-12-16
344,Standard Class,2016-06-30
345,Same Day,2017-05-20
346,Standard Class,2015-09-26
347,Standard Class,2018-09-26
348,First Class,2016-12-26
349,First Class,2018-02-23
350,Second Class,2017-08-23
351,Standard Class,2017-03-17
352,First Class,2018-04-24
353,Standard Class,2015-11-07
354,First Class,2016-02-05
355,First Class,2015-10-15
356,Same Day,2018-05-14
357,First Class,2016-03-23
358,Standard Class,2017-09-19
359,Standard Class,2015-07-02
360,Standard Class,2018-06-27
361,Standard Class,2015-05-15
362,Standard Class,2018-08-28
363,Second Class,2018-06-21
364,Standard Class,2017-07-27
365,Second Class,2015-09-13
366,Standard Class,2018-11-11
367,Standard Class,2017-03-12
368,Standard Class,2016-11-25
369,First Class,2017-11-09
370,Standard Class,2016-10-17
371,Standard Class,2018-01-06
372,Standard Class,2015-02-12
373,Second Class,2017-06-25
374,Standard Class,2017-02-24
375,Standard Class,2015-08-08
376,Standard Class,2018-04-15
377,Standard Class,2015-06-16
378,Second Class,2017-01-07
379,Standard Class,2015-01-15
380,First Class,2017-10-02
381,Standard Class,2015-04-10
382,First Class,2017-09-05
383,First Class,2016-10-20
384,Standard Class,2015-12-15
385,Standard Class,2018-08-29
386,Standard Class,2017-01-21
387,Standard Class,2015-09-21
388,Second Class,2018-12-02
389,Standard Class,2016-10-13
390,Same Day,2018-12-23
391,First Class,2017-10-24
392,Standard Class,2015-05-04
393,Second Class,2016-04-28
394,Standard Class,2018-07-02
395,Standard Class,2018-10-19
396,Standard Class,2015-12-16
397,Standard Class,2018-06-26
398,First Class,2018-06-27
399,First Class,2017-11-12
400,Second Class,2017-10-06
401,Standard Class,2015-09-15
402,Second Class,2018-10-31
403,First Class,2017-04-12
404,First Class,2018-11-13
405,Standard Class,2017-04-12
406,Standard Class,2019-01-03
407,Standard Class,2016-06-07
408,First Class,2018-11-29
409,Standard Class,2015-06-21
410,Standard Class,2017-03-11
411,Standard Class,2015-12-12
412,Standard Class,2016-04-15
413,Standard Class,2017-09-20
414,First Class,2015-09-16
415,Standard Class,2016-10-09
416,Standard Class,2018-09-06
417,Standard Class,2017-06-24
418,First Class,2018-11-06
419,Standard Class,2016-12-17
420,First Class,2017-06-20
421,Standard Class,2017-12-20
422,First Class,2016-07-28
423,Standard Class,2018-12-02
424,Standard Class,2018-04-07
425,Standard Class,2019-01-01
426,Standard Class,2018-12-04
427,Second Class,2018-05-18
428,Same Day,2016-09-22
429,Standard Class,2018-11-19
430,Standard Class,2016-12-01
431,First Class,2017-09-04
432,Second Class,2015-09-24
433,First Class,2018-04-11
434,Second Class,2015-01-18
435,Second Class,2018-10-08
436,Standard Class,2018-07-15
437,First Class,2018-01-10
438,First Class,2017-05-31
439,First Class,2016-12-12
440,Standard Class,2017-10-08
441,Second Class,2015-11-14
442,Standard Class,2018-10-05
443,Same Day,2016-03-10
444,Standard Class,2018-05-26
445,Second Class,2016-03-31
446,First Class,2017-09-11
447,First Class,2017-08-27
448,Standard Class,2015-05-25
449,Standard Class,2016-11-03
450,Standard Class,2017-11-17
451,Same Day,2016-07-31
452,Standard Class,2016-08-31
453,First Class,2016-11-09
454,First Class,2018-08-03
455,Second Class,2016-12-24
456,Second Class,2016-09-19
457,Standard Class,2016-07-10
458,Standard Class,2016-05-03
459,Standard Class,2016-06-20
460,First Class,2018-12-20
461,Second Class,2017-01-13
462,Standard Class,2015-07-15
463,First Class,2017-11-22
464,Standard Class,2017-04-26
465,First Class,2016-06-14
466,First Class,2018-11-21
467,Second Class,2017-09-09
468,First Class,2018-07-12
469,Standard Class,2018-10-16
470,Standard Class,2017-03-13
471,Second Class,2015-06-01
472,First Class,2016-07-05
473,Standard Class,2016-04-08
474,Standard Class,2018-12-17
475,Standard Class,2017-12-01
476,Standard Class,2016-03-29
477,Standard Class,2016-04-21
478,Second Class,2018-09-30
479,Standard Class,2016-07-29
480,Standard Class,2017-05-02
481,Standard Class,2017-11-19
482,First Class,2017-09-30
483,Second Class,2018-09-25
484,Standard Class,2017-03-05
485,Same Day,2017-08-12
486,Second Class,2017-08-20
487,Standard Class,2018-06-10
488,Standard Class,2016-12-13
489,Standard Class,2018-01-26
490,First Class,2015-06-28
491,First Class,2017-06-17
492,Standard Class,2018-04-27
493,Standard Class,2017-10-27
494,Second Class,2018-12-23
495,Second Class,2017-07-24
496,Standard Class,2015-01-26
497,Standard Class,2016-03-07
498,Standard Class,2017-04-16
499,First Class,2017-12-07
500,Standard Class,2017-06-09
501,Same Day,2017-12-11
502,Second Class,2017-11-15
503,Same Day,2016-04-04
504,Standard Class,2016-05-14
505,First Class,2015-12-21
506,Second Class,2017-07-07
507,Standard Class,2018-07-04
508,Second Class,2015-09-05
509,Standard Class,2015-03-08
510,Standard Class,2015-05-08
511,Same Day,2016-11-02
512,Second Class,2018-12-10
513,Standard Class,2015-03-14
514,Standard Class,2015-04-25
515,Standard Class,2016-10-26
516,First Class,2016-08-25
517,Standard Class,2017-09-03
518,Second Class,2015-12-30
519,Standard Class,2017-12-05
520,Second Class,2017-04-27
521,Standard Class,2015-06-25
522,First Class,2018-01-15
523,Standard Class,2015-11-30
524,Second Class,2018-02-28
525,Same Day,2016-09-15
526,Standard Class,2017-07-24
527,First Class,2018-08-04
528,Second Class,2017-07-18
529,Standard Class,2018-09-13
530,Standard Class,2015-07-16
531,First Class,2017-12-05
532,Second Class,2016-11-02
533,First Class,2017-06-01
534,Same Day,2017-10-28
535,Standard Class,2017-09-04
536,Standard Class,2017-02-22
537,Standard Class,2018-05-21
538,Second Class,2015-12-14
539,Standard Class,2018-12-24
540,Standard Class,2018-03-14
541,Second Class,2017-12-28
542,Standard Class,2018-10-27
543,Standard Class,2017-11-04
544,Second Class,2018-07-09
545,Standard Class,2015-12-29
546,Standard Class,2018-09-27
547,Standard Class,2018-06-08
548,Same Day,2017-05-26
549,Standard Class,2017-05-07
550,First Class,2015-09-11
551,First Class,2017-09-06
552,Standard Class,2017-07-03
553,Standard Class,2016-07-08
554,Standard Class,2017-11-26
555,Standard Class,2016-09-01
556,Standard Class,2016-05-29
557,Second Class,2017-12-12
558,First Class,2016-10-07
559,Second Class,2017-12-25
560,Second Class,2016-09-24
561,Standard Class,2018-07-07
562,Second Class,2017-07-16
563,First Class,2017-06-21
564,Standard Class,2017-12-23
565,Standard Class,2015-07-05
566,Standard Class,2018-02-08
567,Standard Class,2018-03-08
568,First Class,2018-10-10
569,First Class,2015-05-30
570,Standard Class,2016-06-18
571,First Class,2017-04-01
572,Second Class,2018-10-18
573,Standard Class,2017-05-27
574,Standard Class,2018-06-06
575,Standard Class,2015-02-21
576,Standard Class,2015-05-10
577,Standard Class,2017-05-23
578,Second Class,2018-04-02
579,First Class,2018-01-04
580,Standard Class,2016-06-01
581,Standard Class,2015-03-24
582,Second Class,2015-10-08
583,First Class,2017-03-31
584,Standard Class,2018-05-09
585,Same Day,2015-07-05
586,First Class,2017-05-07
587,First Class,2018-04-27
588,Second Class,2015-10-01
589,Standard Class,2018-10-25
590,First Class,2018-11-11
591,First Class,2018-07-11
592,Standard Class,2016-12-28
593,Standard Class,2018-03-12
594,Second Class,2015-04-06
595,Standard Class,2016-09-19
596,Second Class,2015-08-09
597,Standard Class,2017-09-09
598,Same Day,2017-02-05
599,First Class,2018-07-04
600,Standard Class,2018-10-14
601,First Class,2017-11-26
602,Standard Class,2017-11-05
603,Standard Class,2017-04-25
604,First Class,2015-04-08
605,Standard Class,2017-09-06
606,Standard Class,2017-09-30
607,Standard Class,2017-07-13
608,Second Class,2018-01-31
609,First Class,2016-09-24
610,Second Class,2016-11-04
611,Standard Class,2018-11-30
612,Second Class,2015-12-21
613,Standard Class,2017-12-30
614,Same Day,2016-10-15
615,Second Class,2018-04-15
616,Second Class,2018-12-24
617,First Class,2018-08-08
618,Standard Class,2016-10-06
619,Standard Class,2017-05-28
620,First Class,2018-06-16
621,First Class,2015-04-24
622,Standard Class,2016-05-07
623,First Class,2016-07-20
624,First Class,2017-11-29
625,Standard Class,2016-08-21
626,Same Day,2015-05-04
627,Standard Class,2017-03-15
628,First Class,2017-08-28
629,First Class,2017-12-19
630,Standard Class,2015-08-14
631,Same Day,2016-05-16
632,Second Class,2016-09-27
633,Same Day,2016-12-02
634,Standard Class,2017-11-25
635,Standard Class,2018-03-24
636,First Class,2018-11-20
637,Standard Class,2017-12-08
638,Second Class,2018-08-28
639,Standard Class,2017-10-18
640,Standard Class,2015-12-03
641,Standard Class,2016-11-07
642,Standard Class,2015-12-06
643,Second Class,2018-05-05
644,Standard Class,2018-11-03
645,Second Class,2015-12-19
646,First Class,2017-10-20
647,Standard Class,2018-11-18
648,Standard Class,2016-08-07
649,Same Day,2018-12-10
650,First Class,2018-09-15
651,Standard Class,2018-07-01
652,Standard Class,2018-08-22
653,Second Class,2018-12-14
654,Second Class,2015-02-06
655,Second Class,2018-02-14
656,Standard Class,2018-04-21
657,Second Class,2016-11-10
658,Standard Class,2016-03-31
659,Standard Class,2018-09-05
660,Standard Class,2018-02-14
661,Second Class,2015-03-16
662,Standard Class,2015-02-08
663,Second Class,2016-01-04
664,Standard Class,2016-11-27
665,Second Class,2018-11-18
666,Standard Class,2017-06-22
667,First Class,2015-05-05
668,Standard Class,2018-10-21
669,Standard Class,2017-05-15
670,Second Class,2016-03-18
671,Standard Class,2015-04-09
672,First Class,2018-09-06
673,Same Day,2018-06-30
674,Same Day,2016-11-09
675,Same Day,2015-03-04
676,Standard Class,2016-03-25
677,First Class,2016-11-30
678,Same Day,2018-06-11
679,First Class,2015-11-25
680,First Class,2015-12-18
681,First Class,2017-03-01
682,First Class,2016-08-12
683,Standard Class,2017-05-16
684,Standard Class,2017-04-19
685,Second Class,2016-06-25
686,Same Day,2015-10-19
687,First Class,2016-03-27
688,Standard Class,2018-05-12
689,First Class,2018-10-18
690,Second Class,2018-11-21
691,Second Class,2017-05-13
692,Second Class,2017-04-24
693,Standard Class,2015-05-30
694,Standard Class,2017-03-19
695,Standard Class,2016-11-22
696,Second Class,2018-06-25
697,Same Day,2017-05-08
698,Standard Class,2015-12-02
699,Standard Class,2017-06-01
700,Standard Class,2015-12-04
701,First Class,2016-03-20
702,First Class,2016-11-03
703,Second Class,2016-09-29
704,Same Day,2015-08-29
705,First Class,2015-05-15
706,Standard Class,2018-11-06
707,Standard Class,2018-05-06
708,Second Class,2017-11-26
709,Standard Class,2016-01-15
710,First Class,2017-03-25
711,Standard Class,2015-09-13
712,Second Class,2017-10-01
713,Standard Class,2017-11-12
714,First Class,2018-12-12
715,Standard Class,2015-08-20
716,Second Class,2017-06-29
717,Second Class,2015-06-07
718,Second Class,2016-07-15
719,Standard Class,2015-02-06
720,Same Day,2017-03-08
721,Standard Class,2018-11-05
722,Standard Class,2016-02-04
723,Second Class,2018-09-13
724,Standard Class,2018-10-13
725,Standard Class,2017-05-04
726,Standard Class,2016-12-25
727,First Class,2016-12-20
728,Second Class,2018-05-04
729,Same Day,2017-02-07
730,Standard Class,2017-07-14
731,Second Class,2018-08-01
732,Standard Class,2016-09-09
733,First Class,2015-06-09
734,Second Class,2017-08-17
735,Standard Class,2015-04-29
736,First Class,2018-10-17
737,First Class,2018-12-05
738,Second Class,2016-12-11
739,First Class,2016-07-15
740,Standard Class,2015-05-17
741,Standard Class,2015-01-12
742,Standard Class,2017-08-08
743,Standard Class,2015-03-26
744,Second Class,2017-11-29
745,Standard Class,2015-05-03
746,Standard Class,2016-11-28
747,Standard Class,2017-11-16
748,Standard Class,2016-07-13
749,Standard Class,2016-02-19
750,Standard Class,2015-10-04
751,First Class,2015-12-03
752,Standard Class,2015-12-13
753,Standard Class,2017-09-10
754,First Class,2018-08-30
755,Standard Class,2017-07-11
756,Second Class,2017-08-10
757,First Class,2017-12-28
758,First Class,2017-02-13
759,Second Class,2015-06-11
760,Standard Class,2018-11-26
761,Standard Class,2016-09-18
762,Same Day,2016-06-04
763,Second Class,2016-12-15
764,Standard Class,2015-05-29
765,Standard Class,2017-02-20
766,Standard Class,2017-12-28
767,Second Class,2017-02-11
768,Standard Class,2015-05-24
769,Same Day,2018-10-21
770,Standard Class,2016-11-09
771,Standard Class,2018-08-07
772,First Class,2015-06-24
773,Second Class,2018-02-21
774,Standard Class,2015-08-05
775,Standard Class,2017-07-23
776,Second Class,2016-02-11
777,Standard Class,2018-08-02
778,Second Class,2018-01-17
779,Same Day,2018-09-10
780,Second Class,2016-07-25
781,Standard Class,2015-06-17
782,Second Class,2018-05-15
783,First Class,2016-09-05
784,First Class,2018-03-27
785,Same Day,2015-11-12
786,Standard Class,2017-10-17
787,Same Day,2018-11-12
788,First Class,2018-04-18
789,Standard Class,2016-07-01
790,Second Class,2017-08-29
791,Standard Class,2015-07-25
792,Standard Class,2018-11-25
793,Standard Class,2015-06-09
794,Standard Class,2017-03-16
795,Standard Class,2018-03-29
796,Standard Class,2019-01-02
797,Standard Class,2018-04-02
798,Same Day,2016-03-05
799,Second Class,2017-04-26
800,First Class,2015-10-22
801,Standard Class,2015-03-18
802,Standard Class,2017-11-29
803,Standard Class,2017-01-04
804,First Class,2018-10-06
805,Second Class,2015-09-02
806,Second Class,2017-07-03
807,First Class,2017-08-23
808,First Class,2018-10-22
809,First Class,2018-10-24
810,Standard Class,2017-05-21
811,First Class,2016-02-04
812,Standard Class,2018-12-23
813,Standard Class,2017-11-22
814,Second Class,2018-07-06
815,First Class,2015-01-17
816,Standard Class,2018-05-05
817,Standard Class,2016-11-14
818,Second Class,2016-11-01
819,First Class,2018-08-19
820,Second Class,2017-07-10
821,Second Class,2018-12-07
822,Standard Class,2018-03-13
823,First Class,2018-12-01
824,Second Class,2018-03-18
825,Second Class,2018-08-10
826,Standard Class,2018-12-03
827,Second Class,2016-05-27
828,First Class,2018-09-01
829,Standard Class,2017-06-26
830,Second Class,2018-09-15
831,Standard Class,2018-12-28
832,Standard Class,2018-05-11
833,Standard Class,2015-12-19
834,Second Class,2015-10-20
835,Standard Class,2016-05-12
836,Same Day,2017-04-14
837,Second Class,2016-12-16
838,Standard Class,2015-12-09
839,Second Class,2015-11-27
840,First Class,2017-07-27
841,Standard Class,2016-11-13
842,Standard Class,2018-02-28
843,Second Class,2018-12-04
844,First Class,2015-02-09
845,Standard Class,2018-04-18
846,Second Class,2018-12-28
847,Standard Class,2015-11-21
848,Same Day,2016-12-11
849,Standard Class,2016-03-23
850,First Class,2017-09-21
851,Second Class,2018-08-22
852,First Class,2016-03-15
853,Standard Class,2016-01-27
854,Standard Class,2016-06-23
855,Standard Class,2016-10-08
856,Standard Class,2015-08-23
857,First Class,2016-07-13
858,Standard Class,2017-12-07
859,First Class,2018-12-25
860,Standard Class,2015-11-04
861,Standard Class,2016-04-19
862,Second Class,2017-07-23
863,Second Class,2018-11-12
864,Standard Class,2015-12-05
865,Standard Class,2016-12-29
866,Standard Class,2018-03-01
867,Standard Class,2015-11-29
868,Standard Class,2017-06-28
869,Standard Class,2016-10-30
870,Standard Class,2018-07-19
871,Second Class,2016-04-15
872,Standard Class,2016-11-29
873,Standard Class,2017-05-20
874,Standard Class,2018-09-12
875,Standard Class,2015-03-17
876,Same Day,2015-07-18
877,Second Class,2018-03-28
878,Standard Class,2015-10-05
879,Same Day,2015-09-26
880,Same Day,2016-10-31
881,Second Class,2016-10-17
882,First Class,2018-04-15
883,Standard Class,2018-01-13
884,Second Class,2018-09-24
885,Standard Class,2015-06-28
886,Second Class,2015-05-22
887,Standard Class,2017-01-05
888,Same Day,2018-11-16
889,Standard Class,2015-06-11
890,Standard Class,2017-09-05
891,Standard Class,2017-06-29
892,Standard Class,2015-12-17
893,Standard Class,2018-04-05
894,Second Class,2015-11-29
895,Standard Class,2017-07-18
896,Standard Class,2017-05-05
897,Second Class,2017-07-27
898,Same Day,2017-05-14
899,Standard Class,2017-01-12
900,Standard Class,2018-03-19
901,Second Class,2018-01-30
902,First Class,2015-08-03
903,Standard Class,2017-08-04
904,Second Class,2016-08-03
905,Standard Class,2017-10-21
906,Standard Class,2017-05-11
907,Second Class,2018-08-04
908,Same Day,2017-07-14
909,Standard Class,2018-08-15
910,Standard Class,2017-12-06
911,Standard Class,2016-07-05
912,Second Class,2017-09-12
913,Standard Class,2015-07-20
914,Standard Class,2016-08-26
915,Second Class,2015-11-16
916,First Class,2017-11-30
917,First Class,2018-10-02
918,Standard Class,2018-08-01
919,Same Day,2016-12-06
920,Standard Class,2018-08-05
921,Standard Class,2018-08-03
922,Standard Class,2017-10-05
923,Standard Class,2015-04-05
924,Standard Class,2018-07-14
925,Standard Class,2018-12-10
926,Second Class,2016-09-17
927,Standard Class,2018-04-26
928,Second Class,2017-11-17
929,Second Class,2016-02-18
930,First Class,2016-10-01
931,First Class,2018-06-19
932,Same Day,2016-12-18
933,First Class,2018-02-09
934,Second Class,2017-11-16
935,Same Day,2018-10-12
936,Same Day,2018-09-17
937,Standard Class,2018-12-26
938,Standard Class,2016-09-27
939,Standard Class,2016-03-11
940,Standard Class,2015-07-01
941,First Class,2018-11-02
942,Standard Class,2016-03-09
943,First Class,2017-05-08
944,Second Class,2018-06-05
945,First Class,2018-01-11
946,Standard Class,2016-04-25
947,Standard Class,2016-11-05
948,Second Class,2018-09-22
949,First Class,2017-12-24
950,First Class,2016-08-08
951,Standard Class,2018-11-09
952,First Class,2018-06-12
953,Second Class,2017-01-03
954,First Class,2018-09-26
955,Second Class,2017-09-26
956,Standard Class,2018-03-25
957,Same Day,2015-08-23
958,Standard Class,2015-08-24
959,Standard Class,2017-11-15
960,First Class,2016-01-03
961,Second Class,2015-07-30
962,Standard Class,2017-02-28
963,Standard Class,2017-03-18
964,Same Day,2018-12-03
965,First Class,2016-09-02
966,Standard Class,2015-03-21
967,Second Class,2015-11-26
968,First Class,2018-02-13
969,Standard Class,2017-09-27
970,Second Class,2017-07-11
971,Standard Class,2018-01-30
972,Second Class,2015-08-21
973,Standard Class,2017-05-10
974,First Class,2018-03-26
975,First Class,2016-12-15
976,Standard Class,2016-12-10
977,Standard Class,2017-03-23
978,Standard Class,2016-11-19
979,Second Class,2018-08-16
980,Second Class,2018-04-04
981,Standard Class,2017-10-03
982,Standard Class,2018-10-11
983,First Class,2018-03-25
984,Standard Class,2015-08-06
985,Second Class,2016-06-09
986,Standard Class,2015-11-16
987,Standard Class,2018-01-02
988,Standard Class,2016-07-11
989,Standard Class,2018-10-18
990,Standard Class,2018-11-14
991,Standard Class,2017-04-23
992,Standard Class,2017-06-17
993,Standard Class,2018-05-20
994,Standard Class,2015-04-01
995,Standard Class,2018-06-01
996,First Class,2016-11-17
997,Standard Class,2018-07-10
998,Second Class,2015-11-20
999,Standard Class,2018-07-22
1000,Standard Class,2016-10-01
1001,Standard Class,2017-11-06
1002,Second Class,2018-03-22
1003,Standard Class,2018-08-21
1004,Second Class,2016-07-13
1005,Standard Class,2018-12-09
1006,Standard Class,2018-05-08
1007,First Class,2017-11-06
1008,Standard Class,2018-06-25
1009,Standard Class,2018-12-31
1010,Standard Class,2018-09-03
1011,Second Class,2016-10-13
1012,Second Class,2015-12-15
1013,Standard Class,2015-11-23
1014,Standard Class,2015-06-22
1015,First Class,2018-06-23
1016,Second Class,2015-07-27
1017,Same Day,2016-07-02
1018,Standard Class,2017-11-23
1019,First Class,2016-04-19
1020,Standard Class,2018-12-06
1021,Standard Class,2015-09-10
1022,Standard Class,2015-11-22
1023,Standard Class,2018-05-07
1024,Standard Class,2015-10-29
1025,Standard Class,2015-08-21
1026,Second Class,2018-08-18
1027,First Class,2016-09-08
1028,Second Class,2016-01-29
1029,Same Day,2016-07-16
1030,Standard Class,2017-09-14
1031,Standard Class,2016-08-22
1032,Standard Class,2017-09-18
1033,Standard Class,2017-08-20
1034,Standard Class,2017-10-14
1035,Standard Class,2016-03-30
1036,Standard Class,2016-06-04
1037,Second Class,2016-03-22
1038,First Class,2018-12-24
1039,Second Class,2018-11-03
1040,Same Day,2018-12-27
1041,Standard Class,2018-07-21
1042,Second Class,2017-08-15
1043,Standard Class,2015-11-27
1044,Standard Class,2015-01-31
1045,Standard Class,2016-11-10
1046,Standard Class,2018-07-06
1047,Standard Class,2017-05-09
1048,Standard Class,2018-05-17
1049,Standard Class,2018-04-29
1050,Same Day,2017-06-04
1051,Standard Class,2015-12-21
1052,Standard Class,2017-03-10
1053,Second Class,2015-12-06
1054,First Class,2018-11-15
1055,Standard Class,2016-09-15
1056,Second Class,2016-07-10
1057,Standard Class,2016-08-19
1058,Standard Class,2018-06-18
1059,Standard Class,2016-02-25
1060,First Class,2017-12-30
1061,Second Class,2017-04-21
1062,Second Class,2015-09-12
1063,Second Class,2018-09-21
1064,First Class,2017-05-04
1065,Same Day,2017-10-01
1066,Standard Class,2016-08-30
1067,Same Day,2015-06-21
1068,First Class,2017-08-05
1069,First Class,2016-11-14
1070,First Class,2015-07-02
1071,Standard Class,2018-12-08
1072,Standard Class,2015-10-20
1073,First Class,2017-02-09
1074,Standard Class,2015-03-23
1075,Second Class,2018-07-13
1076,Standard Class,2018-06-21
1077,Standard Class,2016-02-06
1078,Standard Class,2016-12-15
1079,First Class,2018-10-11
1080,Standard Class,2016-12-06
1081,Standard Class,2015-12-08
1082,Second Class,2015-12-08
1083,Second Class,2015-11-08
1084,Second Class,2017-04-19
1085,Standard Class,2015-10-08
1086,Standard Class,2018-02-19
1087,Second Class,2016-02-23
1088,Second Class,2017-02-27
1089,Standard Class,2015-11-08
1090,Second Class,2018-08-11
1091,Second Class,2015-08-11
1092,Second Class,2017-06-13
1093,First Class,2015-05-29
1094,First Class,2018-10-14
1095,First Class,2018-01-18
1096,Standard Class,2016-04-07
1097,Standard Class,2017-10-25
1098,Second Class,2016-07-19
1099,First Class,2018-05-08
1100,Standard Class,2018-11-27
1101,Standard Class,2017-10-15
1102,First Class,2016-09-23
1103,First Class,2015-09-22
1104,Standard Class,2015-04-17
1105,First Class,2017-10-28
1106,First Class,2016-11-04
1107,Standard Class,2018-11-08
1108,Standard Class,2016-05-16
1109,Standard Class,2016-09-11
1110,Second Class,2016-07-27
1111,Second Class,2016-11-18
1112,Standard Class,2018-01-05
1113,First Class,2018-09-20
1114,Standard Class,2015-09-30
1115,First Class,2017-04-26
1116,Standard Class,2015-11-05
1117,First Class,2017-06-12
1118,Second Class,2016-09-08
1119,Second Class,2018-09-04
1120,Standard Class,2018-03-27
1121,Standard Class,2018-05-22
1122,Standard Class,2017-12-31
1123,Standard Class,2017-12-03
1124,First Class,2017-06-05
1125,Standard Class,2018-12-22
1126,Same Day,2018-08-20
1127,Standard Class,2018-07-31
1128,First Class,2017-08-29
1129,Standard Class,2018-08-17
1130,Same Day,2018-08-13
1131,Second Class,2017-11-12
1132,Standard Class,2018-11-22
1133,First Class,2018-12-31
1134,Second Class,2017-01-23
1135,Standard Class,2017-01-19
1136,Second Class,2017-09-23
1137,Standard Class,2015-02-25
1138,Standard Class,2017-02-03
1139,Standard Class,2017-10-22
1140,First Class,2018-12-19
1141,Second Class,2015-05-01
1142,Standard Class,2018-10-29
1143,Standard Class,2015-04-03
1144,Standard Class,2017-01-09
1145,Standard Class,2016-04-30
1146,Standard Class,2016-09-17
1147,Standard Class,2017-07-01
1148,Standard Class,2018-02-23
1149,Same Day,2017-11-23
1150,Same Day,2018-01-30
1151,Second Class,2016-12-03
1152,Standard Class,2015-07-04
1153,First Class,2015-09-05
1154,Second Class,2018-07-14
1155,Standard Class,2018-11-24
1156,Same Day,2016-08-08
1157,Standard Class,2017-12-12
1158,Standard Class,2018-03-31
1159,First Class,2017-11-05
1160,Standard Class,2018-12-18
1161,Standard Class,2017-08-24
1162,Standard Class,2018-05-01
1163,Second Class,2018-11-09
1164,Standard Class,2018-12-20
1165,Same Day,2018-12-04
1166,Second Class,2015-01-16
1167,Standard Class,2016-06-17
1168,Standard Class,2015-07-18
1169,Second Class,2015-12-11
1170,Standard Class,2017-05-30
1171,Second Class,2017-02-26
1172,Standard Class,2017-10-06
1173,Standard Class,2018-03-17
1174,Standard Class,2015-07-21
1175,First Class,2017-09-10
1176,Standard Class,2015-05-21
1177,First Class,2018-10-15
1178,Standard Class,2017-07-29
1179,Standard Class,2018-04-23
1180,Standard Class,2017-08-30
1181,Same Day,2015-08-24
1182,Standard Class,2017-03-28
1183,Standard Class,2018-09-21
1184,Standard Class,2016-06-16
1185,Same Day,2018-09-12
1186,Second Class,2016-05-02
1187,Second Class,2018-11-10
1188,First Class,2018-04-04
1189,Second Class,2017-04-14
1190,Second Class,2018-10-24
1191,Standard Class,2018-03-07
1192,First Class,2016-11-29
1193,Same Day,2018-11-30
1194,First Class,2017-01-05
1195,Standard Class,2015-07-24
1196,First Class,2018-09-05
1197,Standard Class,2018-06-02
1198,Standard Class,2015-02-03
1199,Standard Class,2017-03-08
1200,Same Day,2016-08-23
1201,Standard Class,2018-04-19
1202,Second Class,2018-12-27
1203,First Class,2016-06-12
1204,First Class,2015-12-17
1205,First Class,2015-08-26
1206,First Class,2016-04-28
1207,Same Day,2015-12-12
1208,Second Class,2018-09-27
1209,Second Class,2018-02-13
1210,Second Class,2015-07-03
1211,First Class,2017-06-10
1212,First Class,2016-12-18
1213,Standard Class,2018-07-24
1214,Second Class,2015-08-05
1215,First Class,2017-03-27
1216,Second Class,2015-09-16
1217,First Class,2017-10-31
1218,Standard Class,2017-06-03
1219,Second Class,2018-12-26
1220,Standard Class,2018-12-11
1221,First Class,2015-11-09
1222,Second Class,2018-10-22
1223,Standard Class,2017-01-01
1224,First Class,2015-09-04
1225,Standard Class,2017-08-13
1226,Same Day,2016-07-10
1227,Standard Class,2015-12-07
1228,Second Class,2015-05-20
1229,Standard Class,2017-01-15
1230,Standard Class,2015-12-28
1231,First Class,2018-07-10
1232,First Class,2015-10-05
1233,Second Class,2018-09-05
1234,Standard Class,2018-04-22
1235,First Class,2017-04-27
1236,Same Day,2017-01-15
1237,Same Day,2017-05-02
1238,Standard Class,2017-11-27
1239,First Class,2017-02-03
1240,Second Class,2018-04-05
1241,Second Class,2018-12-12
1242,Standard Class,2017-09-21
1243,Standard Class,2017-12-29
1244,First Class,2018-04-19
1245,Second Class,2018-10-30
1246,Standard Class,2016-08-14
1247,Second Class,2017-12-14
1248,First Class,2015-11-15
1249,First Class,2015-11-19
1250,Second Class,2017-03-08
1251,Standard Class,2015-10-15
1252,Standard Class,2015-07-19
1253,Second Class,2016-12-29
1254,Standard Class,2016-02-16
1255,Second Class,2015-04-09
1256,Standard Class,2015-10-06
1257,Standard Class,2018-02-25
1258,Standard Class,2015-12-30
1259,First Class,2015-08-18
1260,First Class,2018-10-03
1261,Standard Class,2016-05-30
1262,Second Class,2016-01-01
1263,Standard Class,2016-11-11
1264,Second Class,2017-03-25
1265,Standard Class,2015-10-01
1266,Standard Class,2016-07-27
1267,Standard Class,2015-11-15
1268,First Class,2018-08-22
1269,Second Class,2017-09-01
1270,Standard Class,2016-08-20
1271,First Class,2018-11-07
1272,Standard Class,2015-09-28
1273,Second Class,2016-06-08
1274,Standard Class,2016-12-20
1275,First Class,2015-02-02
1276,Same Day,2017-03-25
1277,Standard Class,2018-09-30
1278,First Class,2017-11-04
1279,Standard Class,2018-03-21
1280,First Class,2018-11-24
1281,Second Class,2016-12-09
1282,Second Class,2018-03-30
1283,Standard Class,2015-08-13
1284,Same Day,2018-06-10
1285,Standard Class,2018-07-08
1286,Standard Class,2015-11-26
1287,First Class,2016-05-05
1288,Standard Class,2018-06-05
1289,Same Day,2016-10-17
1290,Standard Class,2015-04-27
1291,Standard Class,2017-09-24
1292,Same Day,2017-09-02
1293,Standard Class,2016-09-13
1294,Standard Class,2016-09-28
1295,First Class,2018-12-09
1296,First Class,2016-09-29
1297,Same Day,2018-10-30
1298,Same Day,2016-11-30
1299,Second Class,2015-03-14
1300,Standard Class,2017-08-02
1301,First Class,2017-08-07
1302,Standard Class,2017-10-13
1303,Standard Class,2015-09-14
1304,Second Class,2015-03-21
1305,Second Class,2016-03-02
1306,Standard Class,2016-07-14
1307,Standard Class,2017-02-27
1308,First Class,2018-09-18
1309,Standard Class,2017-11-30
1310,Second Class,2018-12-05
1311,Standard Class,2018-11-17
1312,Standard Class,2018-03-10
1313,Standard Class,2015-09-05
1314,Standard Class,2017-12-14
1315,First Class,2015-04-10
1316,First Class,2015-08-29
1317,Standard Class,2017-10-26
1318,Same Day,2017-11-30
1319,Standard Class,2016-07-06
1320,Standard Class,2018-09-28
1321,Standard Class,2017-08-15
1322,Same Day,2018-04-10
1323,Standard Class,2015-06-24
1324,Standard Class,2017-12-24
1325,First Class,2017-08-12
1326,First Class,2016-06-25
1327,Second Class,2017-11-25
1328,Standard Class,2017-11-28
1329,Second Class,2018-12-15
1330,Standard Class,2016-09-23
1331,Same Day,2017-05-28
1332,Standard Class,2015-04-23
1333,Second Class,2017-06-20
1334,Same Day,2015-05-09
1335,First Class,2017-09-20
1336,Second Class,2018-12-25
1337,First Class,2018-11-01
1338,Second Class,2017-04-02
1339,Second Class,2015-03-26
1340,Second Class,2018-09-09
1341,First Class,2017-07-06
1342,Standard Class,2018-09-14
1343,Same Day,2018-07-03
1344,Standard Class,2018-08-12
1345,Standard Class,2016-03-24
1346,Standard Class,2017-06-11
1347,Standard Class,2018-10-07
1348,First Class,2018-12-21
1349,Second Class,2017-12-07
1350,Second Class,2015-09-14
1351,Standard Class,2018-06-30
1352,Standard Class,2015-11-24
1353,Standard Class,2018-08-27
1354,Second Class,2017-03-16
1355,Second Class,2015-09-28
1356,Second Class,2017-12-01
1357,Standard Class,2017-09-29
1358,Second Class,2018-05-21
1359,Second Class,2018-05-08
1360,Standard Class,2017-11-14
1361,Second Class,2015-12-23
1362,Second Class,2018-12-11
1363,Standard Class,2018-04-30
1364,Standard Class,2016-03-17
1365,Second Class,2017-06-15
1366,Standard Class,2018-07-09
1367,Standard Class,2017-04-14
1368,Standard Class,2016-12-09
1369,Standard Class,2017-10-20
1370,Second Class,2016-11-21
1371,Standard Class,2016-06-19
1372,Standard Class,2018-03-22
1373,Second Class,2015-12-10
1374,First Class,2018-04-05
1375,Second Class,2018-03-11
1376,Same Day,2017-03-17
1377,Same Day,2015-10-24
1378,Second Class,2017-09-28
1379,Second Class,2018-08-29
1380,First Class,2017-03-06
1381,Standard Class,2017-03-04
1382,Second Class,2017-08-18
1383,Standard Class,2018-03-02
1384,Standard Class,2017-03-25
1385,Second Class,2016-12-10
1386,Second Class,2015-12-20
1387,Standard Class,2017-12-21
1388,Standard Class,2017-05-17
1389,Second Class,2015-04-13
1390,Standard Class,2016-05-08
1391,Standard Class,2018-02-20
1392,Standard Class,2015-11-20
1393,Second Class,2016-07-14
1394,Second Class,2018-11-16
1395,Standard Class,2018-08-04
1396,Standard Class,2015-07-11
1397,First Class,2016-02-28
1398,Standard Class,2015-02-02
1399,First Class,2018-11-05
1400,Same Day,2018-03-05
1401,Same Day,2017-07-08
1402,Standard Class,2015-10-12
1403,Same Day,2015-11-24
1404,Standard Class,2015-04-15
1405,Standard Class,2015-08-02
1406,Standard Class,2015-06-12
1407,Second Class,2018-11-27
1408,First Class,2018-09-23
1409,Same Day,2016-09-21
1410,Second Class,2018-10-28
1411,Same Day,2015-12-20
1412,Standard Class,2018-02-22
1413,Second Class,2015-07-29
1414,Second Class,2016-10-27
1415,Standard Class,2015-07-12
1416,Standard Class,2018-02-02
1417,Standard Class,2015-11-28
1418,Standard Class,2016-01-08
1419,Standard Class,2016-11-20
1420,Second Class,2016-10-07
1421,First Class,2018-06-06
1422,Standard Class,2018-09-25
1423,Standard Class,2018-07-23
1424,Second Class,2017-07-02
1425,First Class,2017-03-17
1426,Same Day,2017-12-10
1427,Second Class,2018-05-29
1428,Standard Class,2017-06-30
1429,Second Class,2017-05-21
1430,Second Class,2015-11-30
1431,Standard Class,2018-01-19
1432,Standard Class,2017-06-02
1433,Standard Class,2016-10-24
1434,First Class,2018-02-20
1435,Standard Class,2017-09-28
1436,Second Class,2015-11-17
1437,Standard Class,2017-04-06
1438,Standard Class,2016-06-05
1439,Second Class,2016-02-24
1440,Standard Class,2017-04-02
1441,Standard Class,2015-12-27
1442,Second Class,2017-07-09
1443,Standard Class,2018-04-14
1444,Standard Class,2017-04-22
1445,Standard Class,2016-03-12
1446,Second Class,2016-07-20
1447,Standard Class,2016-12-27
1448,Standard Class,2015-06-27
1449,First Class,2018-10-28
1450,First Class,2018-08-13
1451,Same Day,2017-12-12
1452,First Class,2016-07-19
1453,Second Class,2018-06-26
1454,Standard Class,2016-11-24
1455,First Class,2016-09-20
1456,Standard Class,2017-03-14
1457,First Class,2015-06-26
1458,First Class,2017-08-31
1459,Second Class,2016-12-08
1460,First Class,2016-09-27
1461,Standard Class,2018-11-20
1462,Second Class,2016-12-21
1463,First Class,2016-12-24
1464,First Class,2018-09-09
1465,Second Class,2017-08-06
1466,Standard Class,2015-08-26
1467,Standard Class,2017-04-05
1468,First Class,2018-05-18
1469,Same Day,2018-12-21
1470,Standard Class,2018-08-13
1471,Standard Class,2017-08-26
1472,Same Day,2016-09-07
1473,First Class,2017-11-27
1474,Standard Class,2018-09-10
1475,Same Day,2018-05-12
1476,Standard Class,2015-05-18
1477,Second Class,2018-07-31
1478,First Class,2018-05-09
1479,Standard Class,2016-04-04
1480,Standard Class,2015-11-25
1481,First Class,2018-01-01
1482,First Class,2018-12-04
1483,Standard Class,2015-05-23
1484,Standard Class,2018-02-06
1485,Standard Class,2018-10-28
1486,Standard Class,2018-01-03
1487,Standard Class,2018-05-18
1488,Standard Class,2016-03-18
1489,First Class,2018-01-16
1490,Standard Class,2016-03-13
1491,First Class,2015-10-13
1492,First Class,2016-04-14
1493,Same Day,2017-07-01
1494,Standard Class,2015-04-12
1495,Second Class,2017-06-18
1496,Standard Class,2018-10-12
1497,First Class,2017-10-22
1498,Same Day,2016-07-08
1499,Standard Class,2016-06-22
1500,Second Class,2016-04-23
1501,Same Day,2016-12-10
1502,Second Class,2015-11-02
1503,Second Class,2015-05-09
1504,Standard Class,2016-02-22
1505,First Class,2018-04-03
1506,Second Class,2018-06-13
1507,First Class,2017-10-03
1508,Standard Class,2016-01-10
1509,First Class,2017-03-26
1510,First Class,2015-09-24
1511,Second Class,2018-09-03
1512,First Class,2018-03-28
1513,First Class,2017-04-05
1514,Standard Class,2015-03-30
1515,Second Class,2017-12-05
1516,Same Day,2015-09-19
1517,Same Day,2016-10-23
1518,First Class,2018-10-16
1519,Second Class,2018-11-02
1520,Standard Class,2018-08-11
1521,Standard Class,2017-11-09
1522,Second Class,2018-06-29
1523,Second Class,2017-11-27
1524,Same Day,2018-07-21
1525,Standard Class,2016-10-28
1526,Standard Class,2017-04-20
1527,First Class,2015-12-23
1528,Second Class,2016-11-26
1529,Standard Class,2016-05-21
1530,Second Class,2018-12-13
1531,Standard Class,2018-03-16
1532,Second Class,2018-08-26
1533,Second Class,2015-08-25
1534,Same Day,2017-10-04
1535,Second Class,2015-10-30
1536,Same Day,2017-06-28
1537,Standard Class,2015-11-11
1538,Standard Class,2016-08-02
1539,Second Class,2016-01-03
1540,First Class,2017-01-27
1541,Standard Class,2018-10-09
1542,Same Day,2015-03-22
1543,First Class,2018-03-22
1544,Standard Class,2017-09-25
1545,Second Class,2018-11-29
1546,Second Class,2016-12-07
1547,Same Day,2018-12-11
1548,Second Class,2018-05-22
1549,Second Class,2018-07-25
1550,Standard Class,2015-04-30
1551,Second Class,2016-12-02
1552,Standard Class,2017-09-12
1553,Same Day,2015-07-20
1554,First Class,2017-12-27
1555,Standard Class,2015-05-11
1556,Standard Class,2018-08-23
1557,Second Class,2018-04-12
1558,Standard Class,2015-12-24
1559,Standard Class,2015-03-09
1560,First Class,2018-05-19
1561,Same Day,2018-09-14
1562,Standard Class,2017-05-08
1563,Standard Class,2017-07-26
1564,Standard Class,2018-03-20
1565,First Class,2018-10-01
1566,Standard Class,2016-08-11
1567,Standard Class,2018-12-01
1568,Same Day,2018-09-29
1569,Same Day,2018-10-22
1570,Standard Class,2015-03-28
1571,Standard Class,2017-11-08
1572,Second Class,2015-12-03
1573,Standard Class,2018-05-29
1574,First Class,2017-09-08
1575,Second Class,2017-11-01
1576,Standard Class,2018-06-14
1577,Standard Class,2015-02-26
1578,Second Class,2018-02-25
1579,Standard Class,2015-11-06
1580,Second Class,2018-09-10
1581,Standard Class,2017-11-18
1582,First Class,2017-11-17
1583,Same Day,2015-10-10
1584,Standard Class,2016-03-02
1585,First Class,2018-03-31
1586,Second Class,2016-07-17
1587,First Class,2018-05-02
1588,Second Class,2017-03-01
1589,First Class,2016-03-26
1590,Standard Class,2016-01-05
1591,First Class,2015-05-08
1592,Standard Class,2015-12-14
1593,Second Class,2015-04-21
1594,Standard Class,2017-12-18
1595,Standard Class,2015-04-16
1596,Standard Class,2016-06-15
1597,Standard Class,2016-08-06
1598,First Class,2017-09-22
1599,Second Class,2017-08-28
1600,Second Class,2018-11-04
1601,Second Class,2017-12-10
1602,Standard Class,2016-07-20
1603,Second Class,2016-05-29
1604,Standard Class,2016-06-02
1605,Second Class,2017-01-26
1606,Second Class,2016-09-07
1607,Standard Class,2016-09-26
1608,Second Class,2016-10-08
1609,Second Class,2018-08-08
1610,First Class,2018-04-29
1611,Standard Class,2017-09-16
1612,Standard Class,2017-08-16
1613,Standard Class,2015-06-05
1614,Standard Class,2017-05-01
1615,Standard Class,2018-05-19
1616,Standard Class,2017-09-26
1617,Standard Class,2017-01-17
1618,Standard Class,2017-08-06
1619,Second Class,2018-03-29
1620,Same Day,2017-12-01
1621,Standard Class,2018-04-03
1622,First Class,2015-12-22
1623,Same Day,2016-12-17
1624,First Class,2017-05-18
1625,First Class,2018-06-30
1626,Same Day,2015-03-31
1627,First Class,2018-05-20
1628,First Class,2016-10-11
1629,Second Class,2016-04-20
1630,Same Day,2017-05-22
1631,Standard Class,2015-11-12
1632,Standard Class,2016-02-24
1633,Same Day,2017-03-03
1634,First Class,2017-12-25
1635,First Class,2017-10-09
1636,Standard Class,2018-01-04
1637,Standard Class,2016-04-28
1638,First Class,2016-03-12
1639,Same Day,2018-06-03
1640,Second Class,2017-09-24
1641,Second Class,2015-11-03
1642,Standard Class,2018-11-21
1643,Second Class,2017-02-23
1644,First Class,2015-07-10
1645,Standard Class,2018-02-01
1646,Standard Class,2016-07-04
1647,Standard Class,2016-08-17
1648,Standard Class,2017-05-19
1649,Second Class,2018-07-17
1650,Second Class,2016-11-25
1651,First Class,2016-12-30
1652,Second Class,2017-11-19
1653,First Class,2017-05-10
1654,Standard Class,2016-04-11
1655,Same Day,2017-07-11
1656,Standard Class,2018-10-10
1657,First Class,2018-06-03
1658,Standard Class,2018-10-04
1659,First Class,2015-04-05
1660,Second Class,2016-07-26
1661,Second Class,2015-06-27
1662,Standard Class,2016-01-17
1663,Standard Class,2018-12-19
1664,Second Class,2015-04-16
1665,Standard Class,2018-11-29
1666,Standard Class,2018-05-27
1667,Standard Class,2015-10-09
1668,First Class,2017-07-31
1669,Standard Class,2018-03-15
1670,Standard Class,2015-12-20
1671,First Class,2015-10-17
1672,Standard Class,2017-08-27
1673,Second Class,2015-10-16
1674,Second Class,2015-11-23
1675,Standard Class,2018-01-18
1676,Second Class,2016-09-26
1677,Second Class,2018-10-11
1678,Standard Class,2017-01-07
1679,Second Class,2018-12-29
1680,First Class,2018-09-13
1681,First Class,2015-09-03
1682,Standard Class,2018-03-30
1683,Standard Class,2016-10-04
1684,Standard Class,2016-03-21
1685,Standard Class,2015-01-18
1686,Standard Class,2016-06-13
1687,Standard Class,2016-03-20
1688,First Class,2015-03-08
1689,Second Class,2017-05-19
1690,Second Class,2016-05-28
1691,Second Class,2016-08-05
1692,Second Class,2016-09-23
1693,Standard Class,2016-09-10
1694,Same Day,2015-09-03
1695,Standard Class,2018-09-04
1696,Standard Class,2015-11-10
1697,Standard Class,2017-02-04
1698,Same Day,2017-05-24
1699,Standard Class,2017-10-12
1700,Second Class,2015-05-02
1701,Second Class,2016-11-14
1702,First Class,2018-05-13
1703,First Class,2015-11-18
1704,Second Class,2015-09-07
1705,Second Class,2016-08-13
1706,First Class,2016-07-12
1707,Second Class,2017-11-13
1708,Standard Class,2015-04-04
1709,Standard Class,2016-09-24
1710,Same Day,2018-05-19
1711,Second Class,2016-01-08
1712,First Class,2016-09-11
1713,Standard Class,2017-04-07
1714,First Class,2018-09-24
1715,Standard Class,2015-08-12
1716,Same Day,2016-11-05
1717,Second Class,2018-04-29
1718,Second Class,2015-04-22
1719,First Class,2018-08-07
1720,Standard Class,2016-05-27
1721,Standard Class,2016-08-12
1722,Same Day,2015-03-17
1723,Second Class,2016-03-30
1724,First Class,2018-04-26
1725,Standard Class,2015-10-22
1726,Same Day,2016-11-13
1727,Second Class,2017-02-02
1728,Standard Class,2018-07-29
1729,Standard Class,2016-10-03
1730,Standard Class,2015-04-08
1731,Same Day,2015-09-14
1732,Standard Class,2016-06-27
1733,Standard Class,2017-10-28
1734,Standard Class,2016-11-12
1735,Standard Class,2018-02-07
1736,Second Class,2018-03-10
1737,First Class,2018-09-28
1738,Second Class,2018-07-04
1739,Second Class,2016-10-30
1740,Second Class,2017-11-23
1741,Second Class,2017-05-29
1742,First Class,2016-03-10
1743,First Class,2017-11-08
1744,First Class,2018-09-27
1745,Standard Class,2016-10-15
1746,Standard Class,2016-01-18
1747,Second Class,2016-05-16
1748,Same Day,2017-09-26
1749,Second Class,2018-04-17
1750,Same Day,2018-09-01
1751,Standard Class,2015-06-20
1752,Standard Class,2015-12-01
1753,First Class,2018-08-23
1754,Standard Class,2018-08-08
1755,First Class,2017-07-26
1756,Second Class,2017-08-04
1757,First Class,2016-11-02
1758,Second Class,2015-03-11
1759,Second Class,2016-03-07
1760,Standard Class,2017-08-14
1761,Standard Class,2018-01-08
1762,First Class,2015-09-10
1763,Same Day,2018-09-11
1764,Same Day,2018-01-16
1765,First Class,2018-05-06
1766,Standard Class,2016-12-30
1767,Standard Class,2018-08-19
1768,First Class,2017-09-26
1769,First Class,2015-09-23
1770,Standard Class,2017-02-26
1771,First Class,2018-10-05
1772,Second Class,2018-09-23
1773,Standard Class,2016-01-22
1774,Second Class,2015-01-08
1775,Standard Class,2017-09-08
1776,Standard Class,2015-09-01
1777,Standard Class,2016-05-25
1778,Second Class,2018-03-23
1779,Standard Class,2018-12-16
1780,Standard Class,2015-05-19
1781,Standard Class,2015-08-11
1782,First Class,2018-06-10
1783,Second Class,2015-01-21
1784,Standard Class,2018-05-31
1785,First Class,2015-12-07
1786,Standard Class,2017-08-18
1787,Standard Class,2018-07-03
1788,Second Class,2015-11-21
1789,Same Day,2017-09-24
1790,Standard Class,2017-10-02
1791,First Class,2017-09-14
1792,First Class,2016-10-26
1793,Same Day,2017-06-14
1794,First Class,2015-09-07
1795,Standard Class,2017-04-09
1796,Standard Class,2016-04-23
1797,Standard Class,2017-08-31
1798,Standard Class,2018-05-02
1799,Second Class,2018-09-06
1800,First Class,2015-01-20
1801,Second Class,2015-02-19
1802,Standard Class,2017-06-14
1803,First Class,2015-09-27
1804,Same Day,2018-12-26
1805,First Class,2018-06-18
1806,Standard Class,2018-02-04
1807,Standard Class,2016-10-29
1808,First Class,2018-01-27
1809,Same Day,2015-11-28
1810,Standard Class,2018-06-16
1811,Same Day,2017-10-08
1812,Standard Class,2016-10-12
1813,Standard Class,2015-03-02
1814,First Class,2016-06-01
1815,Second Class,2017-11-21
1816,First Class,2017-12-12
1817,Standard Class,2018-04-28
1818,First Class,2016-05-10
1819,Standard Class,2016-04-20
1820,Standard Class,2017-12-25
1821,First Class,2018-09-08
1822,First Class,2015-12-01
1823,Second Class,2018-10-06
1824,Standard Class,2016-12-18
1825,Same Day,2018-03-13
1826,Standard Class,2017-12-16
1827,Second Class,2018-09-14
1828,Standard Class,2017-05-13
1829,Second Class,2017-12-11
1830,Second Class,2015-10-18
1831,Same Day,2018-09-24
1832,Standard Class,2016-09-29
1833,Same Day,2015-10-03
1834,Standard Class,2017-02-07
1835,First Class,2016-09-21
1836,Second Class,2017-10-28
1837,Standard Class,2015-02-15
1838,First Class,2016-12-06
1839,Second Class,2017-04-05
1840,Second Class,2016-05-20
1841,Second Class,2018-07-19
1842,First Class,2017-12-21
1843,Same Day,2017-07-21
1844,Second Class,2016-06-11
1845,Standard Class,2017-01-27
1846,Standard Class,2015-06-02
1847,Standard Class,2017-08-03
1848,Same Day,2015-07-28
1849,Second Class,2017-05-07
1850,Same Day,2017-11-05
1851,Standard Class,2016-05-15
1852,Same Day,2018-07-31
1853,Standard Class,2015-03-05
1854,Second Class,2016-10-12
1855,Standard Class,2015-09-27
1856,First Class,2018-07-02
1857,Standard Class,2015-07-03
1858,Standard Class,2015-01-25
1859,Standard Class,2017-02-10
1860,Second Class,2016-04-03
1861,Standard Class,2015-10-18
1862,First Class,2016-11-23
1863,Same Day,2017-12-30
1864,First Class,2018-08-15
1865,First Class,2016-11-05
1866,Second Class,2016-09-12
1867,Standard Class,2015-11-14
1868,Second Class,2018-09-12
1869,Standard Class,2016-03-01
1870,Standard Class,2016-04-09
1871,Second Class,2018-04-14
1872,Second Class,2015-10-03
1873,First Class,2015-07-14
1874,First Class,2016-03-24
1875,Standard Class,2017-02-11
1876,First Class,2016-07-03
1877,First Class,2016-06-17
1878,Same Day,2015-11-26
1879,Same Day,2015-05-02
1880,Standard Class,2016-07-22
1881,Standard Class,2016-04-03
1882,Standard Class,2016-11-21
1883,Second Class,2018-09-07
1884,Standard Class,2016-11-08
1885,Second Class,2016-05-04
1886,Second Class,2017-05-04
1887,Second Class,2015-08-07
1888,Standard Class,2017-01-08
1889,Same Day,2018-06-04
1890,First Class,2016-04-09
1891,Standard Class,2015-05-26
1892,Second Class,2017-03-15
1893,Same Day,2015-10-17
1894,First Class,2017-04-17
1895,Standard Class,2018-01-16
1896,Same Day,2018-11-06
1897,Second Class,2015-08-26
1898,Second Class,2017-11-30
1899,First Class,2018-07-09
1900,Same Day,2017-07-04
1901,Standard Class,2018-05-25
1902,Second Class,2018-10-14
1903,Standard Class,2015-08-29
1904,Second Class,2016-09-18
1905,First Class,2015-03-31
1906,Second Class,2015-11-15
1907,Second Class,2015-11-13
1908,Standard Class,2018-08-25
1909,First Class,2017-01-17
1910,First Class,2015-07-22
1911,Standard Class,2018-02-11
1912,Standard Class,2018-07-17
1913,First Class,2018-04-25
1914,Second Class,2018-09-18
1915,Standard Class,2017-07-25
1916,Standard Class,2017-01-03
1917,First Class,2017-03-11
1918,Second Class,2015-10-10
1919,Same Day,2017-08-13
1920,First Class,2017-11-21
1921,First Class,2017-11-15
1922,Same Day,2018-07-06
1923,Standard Class,2018-01-01
1924,Standard Class,2017-02-08
1925,Second Class,2018-05-24
1926,Standard Class,2017-06-16
1927,First Class,2017-08-20
1928,Standard Class,2016-01-03
1929,Standard Class,2016-04-16
1930,Second Class,2016-12-30
1931,First Class,2016-04-07
1932,Standard Class,2016-01-23
1933,Standard Class,2018-08-20
1934,Standard Class,2017-09-07
1935,Same Day,2015-02-18
1936,Second Class,2018-12-31
1937,First Class,2018-08-24
1938,Standard Class,2017-03-20
1939,First Class,2015-10-28
1940,First Class,2017-08-19
1941,Standard Class,2016-10-22
1942,Second Class,2017-11-04
1943,First Class,2016-04-20
1944,Standard Class,2015-12-26
1945,First Class,2017-04-11
1946,First Class,2018-04-23
1947,Second Class,2017-08-05
1948,First Class,2015-03-21
1949,Second Class,2015-08-30
1950,Second Class,2017-12-24
1951,Standard Class,2018-04-08
1952,Same Day,2018-12-13
1953,First Class,2018-12-03
1954,Second Class,2017-10-24
1955,Standard Class,2018-10-03
1956,Standard Class,2017-01-29
1957,Second Class,2018-05-31
1958,Same Day,2015-04-07
1959,Second Class,2018-11-06
1960,Second Class,2016-08-17
1961,Standard Class,2016-05-18
1962,Standard Class,2018-07-27
1963,Standard Class,2018-05-10
1964,Same Day,2017-10-06
1965,Second Class,2016-10-04
1966,Second Class,2017-07-22
1967,Standard Class,2018-05-16
1968,Standard Class,2017-10-31
1969,Standard Class,2016-04-26
1970,First Class,2015-09-19
1971,Standard Class,2016-01-01
1972,Standard Class,2015-10-26
1973,Second Class,2018-06-20
1974,Same Day,2018-05-05
1975,Second Class,2017-11-06
1976,Standard Class,2015-09-16
1977,Standard Class,2018-02-21
1978,Standard Class,2018-10-02
1979,Standard Class,2015-10-17
1980,Standard Class,2015-06-23
1981,Standard Class,2016-11-02
1982,First Class,2018-01-02
1983,Same Day,2018-10-20
1984,Standard Class,2016-05-06
1985,Standard Class,2018-01-28
1986,Standard Class,2017-10-07
1987,Same Day,2017-11-21
1988,Second Class,2018-10-05
1989,First Class,2017-10-10
1990,Standard Class,2015-04-13
1991,Standard Class,2015-02-04
1992,Standard Class,2016-02-11
1993,Standard Class,2018-11-04
1994,First Class,2018-05-31
1995,Standard Class,2016-12-05
1996,Second Class,2018-09-02
1997,First Class,2018-05-15
1998,Second Class,2018-11-14
1999,Same Day,2018-08-21
2000,Standard Class,2015-08-01
2001,First Class,2016-10-27
2002,Standard Class,2018-08-24
2003,First Class,2018-05-29
2004,First Class,2015-10-06
2005,Standard Class,2016-03-10
2006,Second Class,2018-03-06
2007,Second Class,2016-12-23
2008,First Class,2018-05-17
2009,Second Class,2018-05-25
2010,Standard Class,2016-09-02
2011,Standard Class,2015-06-10
2012,Second Class,2017-03-20
2013,First Class,2015-01-15
2014,Standard Class,2018-06-09
2015,Standard Class,2018-09-24
2016,Second Class,2018-11-01
2017,Standard Class,2016-07-28
2018,Second Class,2017-10-11
2019,Second Class,2018-01-18
2020,Standard Class,2015-02-27
2021,First Class,2015-10-23
2022,First Class,2018-11-19
2023,First Class,2016-08-01
2024,Second Class,2016-11-03
2025,Second Class,2015-10-22
2026,Standard Class,2016-06-10
2027,First Class,2018-04-02
2028,Standard Class,2015-05-12
2029,Second Class,2018-02-08
2030,Standard Class,2015-04-22
2031,Same Day,2017-10-22
2032,Standard Class,2017-08-11
2033,First Class,2015-03-26
2034,Standard Class,2016-05-11
2035,Standard Class,2017-05-31
2036,First Class,2017-06-19
2037,First Class,2015-09-09
2038,Second Class,2017-05-08
2039,Same Day,2017-10-24
2040,Same Day,2018-05-06
2041,Second Class,2018-11-30
2042,Standard Class,2018-08-09
2043,First Class,2018-09-11
2044,Standard Class,2018-02-27
2045,Second Class,2016-08-10
2046,Standard Class,2018-11-01
2047,Second Class,2018-05-14
2048,Standard Class,2016-09-16
2049,Standard Class,2015-10-14
2050,Second Class,2018-03-15
2051,Second Class,2018-08-13
2052,Second Class,2018-10-02
2053,Standard Class,2016-05-24
2054,Standard Class,2016-06-28
2055,Standard Class,2017-09-15
2056,Standard Class,2015-04-18
2057,Second Class,2018-08-21
2058,Same Day,2018-12-14
2059,Standard Class,2017-04-15
2060,Second Class,2018-08-15
2061,First Class,2016-06-20
2062,First Class,2015-07-07
2063,Standard Class,2017-04-17
2064,Standard Class,2015-05-31
2065,Standard Class,2018-07-11
2066,Standard Class,2016-02-20
2067,Second Class,2018-06-18
2068,Second Class,2017-06-30
2069,Second Class,2017-07-26
2070,Standard Class,2018-04-24
2071,Second Class,2017-09-08
2072,Second Class,2018-07-28
2073,Standard Class,2016-09-20
2074,Second Class,2016-09-09
2075,Same Day,2016-08-25
2076,Standard Class,2016-04-05
2077,Standard Class,2017-10-09
2078,Second Class,2017-12-27
2079,Same Day,2017-09-08
2080,Standard Class,2018-10-20
2081,Standard Class,2016-07-12
2082,Standard Class,2018-02-09
2083,First Class,2016-12-07
2084,Second Class,2017-12-08
2085,First Class,2016-12-19
2086,Second Class,2016-12-05
2087,Standard Class,2018-09-17
2088,Second Class,2016-05-26
2089,Same Day,2018-07-24
2090,Second Class,2018-12-08
2091,Same Day,2018-05-20
2092,Second Class,2018-08-05
2093,Second Class,2017-04-18
2094,Standard Class,2018-04-10
2095,Second Class,2016-03-19
2096,Same Day,2015-06-15
2097,Standard Class,2016-07-30
2098,Standard Class,2017-10-04
2099,Standard Class,2016-04-29
2100,Same Day,2018-11-19
2101,First Class,2016-10-03
2102,Same Day,2018-11-10
2103,Second Class,2017-07-20
2104,Second Class,2016-10-20
2105,Standard Class,2016-07-02
2106,First Class,2017-11-28
2107,First Class,2015-11-08
2108,First Class,2018-12-13
2109,Second Class,2016-11-13
2110,Standard Class,2016-08-25
2111,Second Class,2015-03-13
2112,Second Class,2017-06-27
2113,Standard Class,2015-08-27
2114,Standard Class,2018-02-12
2115,Second Class,2017-12-23
2116,Second Class,2015-05-04
2117,First Class,2017-08-16
2118,Second Class,2017-12-31
2119,First Class,2015-12-08
2120,Standard Class,2017-05-26
2121,Standard Class,2017-07-28
2122,Second Class,2018-08-06
2123,Second Class,2018-06-19
2124,Standard Class,2016-01-13
2125,First Class,2017-05-06
2126,Second Class,2015-10-23
2127,Standard Class,2018-02-17
2128,Second Class,2017-09-29
2129,Same Day,2018-09-07
2130,Second Class,2016-12-27
2131,Standard Class,2018-05-04
2132,Second Class,2017-03-31
2133,Second Class,2016-05-18
2134,Standard Class,2015-07-09
2135,Second Class,2015-04-24
2136,Second Class,2015-07-24
2137,Second Class,2018-04-27
2138,First Class,2015-01-07
2139,Second Class,2017-12-30
2140,First Class,2017-02-14
2141,Standard Class,2016-08-15
2142,First Class,2017-09-13
2143,Standard Class,2017-06-06
2144,Second Class,2016-09-30
2145,First Class,2016-05-06
2146,Standard Class,2018-01-31
2147,First Class,2018-03-15
2148,First Class,2015-12-10
2149,Same Day,2017-07-10
2150,First Class,2018-05-25
2151,Standard Class,2018-02-13
2152,Standard Class,2018-06-17
2153,Same Day,2018-08-16
2154,Standard Class,2017-01-20
2155,First Class,2017-07-21
2156,Standard Class,2016-02-27
2157,Standard Class,2015-09-07
2158,First Class,2017-01-31
2159,Standard Class,2016-05-31
2160,Second Class,2016-02-14
2161,First Class,2015-11-21
2162,Standard Class,2015-04-02
2163,Second Class,2017-11-07
2164,Second Class,2018-06-14
2165,Second Class,2018-05-16
2166,First Class,2017-11-13
2167,Standard Class,2018-10-30
2168,Standard Class,2016-04-17
2169,First Class,2016-07-21
2170,Standard Class,2015-03-07
2171,Second Class,2017-01-02
2172,First Class,2017-04-14
2173,Standard Class,2017-12-04
2174,Second Class,2016-03-11
2175,Standard Class,2015-11-01
2176,Second Class,2018-01-09
2177,Standard Class,2015-09-23
2178,Same Day,2016-05-31
2179,Same Day,2015-09-30
2180,Second Class,2015-07-15
2181,Standard Class,2017-09-13
2182,Standard Class,2018-08-10
2183,Standard Class,2016-05-19
2184,First Class,2018-01-21
2185,First Class,2015-07-24
2186,Standard Class,2018-06-03
2187,Standard Class,2016-07-31
2188,Standard Class,2015-02-19
2189,Second Class,2016-03-27
2190,First Class,2016-11-18
2191,First Class,2015-12-11
2192,Second Class,2018-02-07
2193,First Class,2018-11-14
2194,First Class,2016-04-18
2195,Second Class,2016-04-14
2196,Second Class,2016-03-01
2197,Standard Class,2015-09-20
2198,First Class,2017-07-03
2199,Standard Class,2015-01-10
2200,Second Class,2017-09-03
2201,Second Class,2015-12-17
2202,Standard Class,2018-09-16
2203,Standard Class,2018-07-18
2204,Same Day,2018-03-30
2205,Second Class,2017-02-04
2206,Same Day,2018-09-26
2207,Second Class,2017-02-22
2208,First Class,2017-09-07
2209,Second Class,2015-05-14
2210,First Class,2018-10-07
2211,Second Class,2017-02-01
2212,Second Class,2015-11-07
2213,Second Class,2016-11-27
2214,First Class,2016-08-16
2215,Standard Class,2015-09-22
2216,First Class,2018-12-27
2217,First Class,2015-02-24
2218,First Class,2016-02-11
2219,Second Class,2016-08-28
2220,First Class,2018-10-29
2221,First Class,2015-04-01
2222,Second Class,2019-01-01
2223,First Class,2017-10-07
2224,Standard Class,2016-03-27
2225,Same Day,2015-04-15
2226,First Class,2018-08-02
2227,Second Class,2016-11-29
2228,Second Class,2018-05-09
2229,Same Day,2015-10-08
2230,Standard Class,2016-01-07
2231,First Class,2016-05-01
2232,Standard Class,2016-02-21
2233,First Class,2018-07-17
2234,Same Day,2017-03-22
2235,First Class,2018-07-05
2236,Standard Class,2016-01-12
2237,Second Class,2016-03-20
2238,First Class,2018-09-21
2239,Standard Class,2018-08-06
2240,Second Class,2016-06-02
2241,Standard Class,2016-06-24
2242,First Class,2016-12-03
2243,Standard Class,2015-12-11
2244,First Class,2018-12-06
2245,Standard Class,2016-02-07
2246,Same Day,2018-08-12
2247,First Class,2016-08-26
2248,Same Day,2017-08-01
2249,First Class,2017-04-15
2250,First Class,2017-05-20
2251,Same Day,2018-09-19
2252,Standard Class,2016-07-18
2253,Second Class,2015-03-29
2254,Standard Class,2017-01-13
2255,First Class,2017-02-15
2256,Second Class,2017-10-26
2257,Standard Class,2016-05-01
2258,Standard Class,2016-01-28
2259,Second Class,2016-04-17
2260,Second Class,2015-04-23
2261,Standard Class,2017-03-02
2262,Standard Class,2017-05-06
2263,First Class,2015-06-01
2264,Standard Class,2018-03-06
2265,Standard Class,2017-06-21
2266,Second Class,2018-12-06
2267,Standard Class,2017-08-22
2268,Standard Class,2018-07-30
2269,Standard Class,2018-08-18
2270,First Class,2017-08-02
2271,Second Class,2017-04-30
2272,First Class,2018-08-27
2273,Second Class,2016-07-08
2274,Second Class,2018-11-24
2275,First Class,2018-07-27
2276,Second Class,2017-03-27
2277,Standard Class,2017-07-20
2278,First Class,2017-12-17
2279,Standard Class,2015-04-06
2280,Second Class,2018-11-23
2281,First Class,2017-10-12
2282,Standard Class,2015-01-07
2283,Second Class,2018-01-25
2284,First Class,2017-04-24
2285,Standard Class,2017-08-29
2286,First Class,2015-05-07
2287,Standard Class,2017-10-11
2288,Second Class,2015-03-20
2289,First Class,2016-06-23
2290,Same Day,2018-05-25
2291,Second Class,2016-09-15
2292,Standard Class,2017-01-11
2293,First Class,2016-06-28
2294,First Class,2016-09-22
2295,Second Class,2018-07-02
2296,Second Class,2018-08-25
2297,Second Class,2017-12-17
2298,Standard Class,2017-07-07
2299,Second Class,2015-07-17
2300,Standard Class,2016-09-04
2301,Standard Class,2016-06-29
2302,Standard Class,2016-11-01
2303,First Class,2016-08-09
2304,Standard Class,2016-12-14
2305,Second Class,2018-11-13
2306,Standard Class,2016-05-26
2307,First Class,2018-02-19
2308,Second Class,2017-12-03
2309,Second Class,2018-10-07
2310,Same Day,2018-11-24
2311,First Class,2015-07-23
2312,Standard Class,2015-11-13
2313,First Class,2015-01-29
2314,Second Class,2016-10-03
2315,Standard Class,2017-08-05
2316,Standard Class,2017-02-19
2317,Standard Class,2015-07-13
2318,First Class,2017-09-25
2319,Second Class,2016-10-05
2320,Standard Class,2018-09-09
2321,Same Day,2016-11-08
2322,Standard Class,2015-10-07
2323,Standard Class,2015-02-24
2324,Second Class,2017-04-08
2325,Same Day,2016-05-10
2326,Second Class,2016-03-09
2327,Same Day,2017-06-26
2328,Second Class,2016-06-15
2329,Standard Class,2017-02-25
2330,First Class,2018-05-10
2331,Second Class,2016-12-26
2332,Standard Class,2015-03-15
2333,Standard Class,2016-04-24
2334,Same Day,2017-07-25
2335,Standard Class,2018-04-16
2336,Second Class,2018-07-24
2337,First Class,2017-03-12
2338,Standard Class,2017-07-08
2339,Standard Class,2018-04-17
2340,First Class,2018-06-14
2341,Standard Class,2016-05-04
2342,Second Class,2018-01-04
2343,First Class,2018-02-02
2344,Standard Class,2016-11-18
2345,Second Class,2017-03-19
2346,Standard Class,2017-02-15
2347,Second Class,2017-12-06
2348,Same Day,2015-06-30
2349,Second Class,2018-11-07
2350,Standard Class,2016-04-18
2351,Same Day,2017-11-15
2352,Second Class,2017-05-12
2353,First Class,2018-05-11
2354,First Class,2017-08-30
2355,Standard Class,2016-10-07
2356,First Class,2018-11-25
2357,Second Class,2017-12-21
2358,Standard Class,2015-06-01
2359,Second Class,2018-03-17
2360,First Class,2015-04-30
2361,Standard Class,2017-05-29
2362,Second Class,2018-06-02
2363,Standard Class,2015-09-04
2364,Second Class,2016-10-26
2365,Same Day,2016-10-30
2366,Standard Class,2018-02-15
2367,Second Class,2015-03-08
2368,Second Class,2016-03-03
2369,First Class,2016-12-14
2370,Standard Class,2017-12-26
2371,Standard Class,2017-04-11
2372,Second Class,2018-06-07
2373,Same Day,2018-03-16
2374,Second Class,2016-01-15
2375,Standard Class,2016-06-11
2376,First Class,2016-12-23
2377,Standard Class,2017-03-31
2378,First Class,2016-09-12
2379,Standard Class,2016-07-24
2380,Standard Class,2015-06-03
2381,First Class,2017-12-11
2382,Same Day,2016-03-22
2383,Second Class,2017-12-26
2384,Second Class,2017-04-06
2385,First Class,2017-11-18
2386,Same Day,2017-04-03
2387,First Class,2016-10-22
2388,Second Class,2018-08-30
2389,Second Class,2015-02-08
2390,Standard Class,2016-05-22
2391,First Class,2018-02-01
2392,Same Day,2015-12-31
2393,First Class,2017-07-29
2394,First Class,2015-05-02
2395,First Class,2018-07-24
2396,Same Day,2018-12-02
2397,First Class,2016-12-08
2398,Same Day,2015-09-13
2399,Standard Class,2016-05-17
2400,Second Class,2018-04-01
2401,Second Class,2016-12-25
2402,First Class,2018-10-26
2403,Second Class,2015-08-28
2404,Standard Class,2016-03-05
2405,Standard Class,2018-07-16
2406,Second Class,2018-11-20
2407,Second Class,2015-02-10
2408,First Class,2017-07-25
2409,First Class,2016-10-04
2410,First Class,2016-06-19
2411,First Class,2018-09-10
2412,Standard Class,2017-02-06
2413,Same Day,2017-09-13
2414,Standard Class,2016-02-28
2415,Second Class,2017-12-09
2416,First Class,2016-03-04
2417,Standard Class,2017-04-10
2418,First Class,2015-05-10
2419,First Class,2016-01-01
2420,Standard Class,2018-10-31
2421,First Class,2016-12-22
2422,Standard Class,2016-06-09
2423,First Class,2015-10-09
2424,Second Class,2017-08-24
2425,Second Class,2015-04-10
2426,Standard Class,2017-02-13
2427,First Class,2016-07-04
2428,Second Class,2015-10-13
2429,First Class,2016-09-25
2430,Standard Class,2018-08-26
2431,Standard Class,2016-12-26
2432,Standard Class,2017-08-19
2433,First Class,2016-03-25
2434,Second Class,2017-10-21
2435,First Class,2017-09-18
2436,Second Class,2016-08-09
2437,First Class,2017-12-20
2438,Standard Class,2016-02-01
2439,Same Day,2018-08-27
2440,Second Class,2016-12-19
2441,Second Class,2015-08-24
2442,Second Class,2015-08-10
2443,First Class,2018-12-28
2444,First Class,2017-11-07
2445,Standard Class,2018-03-28
2446,First Class,2018-11-26
2447,Second Class,2015-11-05
2448,Second Class,2016-10-24
2449,First Class,2015-08-17
2450,Same Day,2018-03-20
2451,Same Day,2015-06-22
2452,Same Day,2016-04-06
2453,Same Day,2018-11-18
2454,First Class,2016-12-21
2455,First Class,2017-02-22
2456,Second Class,2017-03-28
2457,Second Class,2015-12-18
2458,First Class,2016-07-02
2459,Standard Class,2015-07-23
2460,Standard Class,2016-10-05
2461,First Class,2016-04-10
2462,Same Day,2018-11-21
2463,Standard Class,2017-11-13
2464,Second Class,2018-12-20
2465,Second Class,2015-03-31
2466,Standard Class,2017-06-18
2467,First Class,2016-11-21
2468,Standard Class,2017-03-06
2469,Standard Class,2018-05-30
2470,Second Class,2017-09-05
2471,Standard Class,2015-04-26
2472,First Class,2016-11-08
2473,Standard Class,2017-02-23
2474,First Class,2016-02-08
2475,Second Class,2017-09-20
2476,Second Class,2016-07-03
2477,First Class,2016-05-28
2478,Second Class,2017-02-10
2479,Second Class,2018-01-24
2480,Standard Class,2017-06-12
2481,Second Class,2018-03-20
2482,Second Class,2017-11-28
2483,Second Class,2017-03-26
2484,Standard Class,2015-02-09
2485,Standard Class,2015-09-08
2486,Second Class,2017-08-03
2487,Standard Class,2015-01-28
2488,Standard Class,2016-06-12
2489,Second Class,2017-06-26
2490,Same Day,2017-04-21
2491,Standard Class,2016-03-19
2492,First Class,2018-11-17
2493,Same Day,2015-11-03
2494,First Class,2018-07-26
2495,First Class,2018-02-14
2496,Standard Class,2015-07-14
2497,Second Class,2015-02-15
2498,Same Day,2018-09-02
2499,Same Day,2016-09-25
2500,First Class,2016-11-24
2501,Second Class,2015-04-26
2502,First Class,2015-09-25
2503,Same Day,2018-03-02
2504,Second Class,2016-04-22
2505,Same Day,2016-11-11
2506,Standard Class,2018-02-26
2507,Second Class,2017-01-28
2508,First Class,2015-08-25
2509,Standard Class,2015-06-13
2510,First Class,2016-05-31
2511,Second Class,2015-12-27
2512,Standard Class,2018-08-16
2513,Standard Class,2018-08-31
2514,Standard Class,2018-01-23
2515,First Class,2018-03-16
2516,Same Day,2016-10-25
2517,First Class,2015-03-17
2518,Second Class,2017-03-14
2519,First Class,2016-01-29
2520,First Class,2017-09-27
2521,Second Class,2018-10-04
2522,Second Class,2015-09-17
2523,Same Day,2016-06-19
2524,Standard Class,2016-08-23
2525,Second Class,2015-12-31
2526,Standard Class,2018-04-11
2527,First Class,2016-03-02
2528,Second Class,2017-06-19
2529,Second Class,2015-11-22
2530,Standard Class,2015-10-24
2531,First Class,2015-03-03
2532,Second Class,2016-06-05
2533,Second Class,2016-06-24
2534,Standard Class,2015-07-28
2535,Standard Class,2018-01-07
2536,Same Day,2018-11-07
2537,Second Class,2015-04-07
2538,First Class,2015-12-16
2539,Second Class,2018-06-03
2540,Second Class,2016-08-26
2541,Second Class,2018-05-12
2542,Standard Class,2017-02-09
2543,Same Day,2018-03-25
2544,Standard Class,2016-08-10
2545,Standard Class,2015-11-02
2546,Second Class,2015-10-19
2547,First Class,2017-05-05
2548,Standard Class,2016-06-08
2549,First Class,2018-07-07
2550,Same Day,2016-09-24
2551,Same Day,2016-08-13
2552,First Class,2018-09-16
2553,Second Class,2018-06-27
2554,Same Day,2017-11-18
2555,Standard Class,2017-08-01
2556,Standard Class,2018-01-29
2557,Second Class,2018-05-11
2558,First Class,2015-05-22
2559,Standard Class,2017-06-23
2560,First Class,2015-11-13
2561,First Class,2018-09-25
2562,Second Class,2016-01-31
2563,Standard Class,2015-03-12
2564,Second Class,2015-03-30
2565,Same Day,2016-12-07
2566,Standard Class,2018-04-06
2567,First Class,2016-08-15
2568,Second Class,2018-09-28
2569,First Class,2017-12-14
2570,Second Class,2015-06-15
2571,Same Day,2017-03-11
2572,Second Class,2017-08-14
2573,Same Day,2017-05-31
2574,Standard Class,2015-08-25
2575,Standard Class,2016-07-03
2576,First Class,2017-07-02
2577,Same Day,2017-07-03
2578,Standard Class,2015-07-30
2579,Standard Class,2016-05-13
2580,Same Day,2015-11-05
2581,Standard Class,2018-04-01
2582,Second Class,2015-05-23
